dim_red,kernal,num_iter,cs,gammas,degs,scores,pipes,times,
PCA(n_components=200),linear,2000,10.0,scale,2,0.562,"Pipeline(steps=[('scaler', StandardScaler()),
                ('dim_red', PCA(n_components=200)),
                ('model', SVC(C=10.0, kernel='linear', max_iter=2000))],
         verbose=True)",72.27032995224000,
PCA(n_components=200),linear,2000,0.01,0.1,6,0.7612,"Pipeline(steps=[('scaler', StandardScaler()),
                ('dim_red', PCA(n_components=200)),
                ('model', SVC(C=0.01, kernel='linear', max_iter=2000))],
         verbose=True)",83.13437008857730,
PCA(n_components=200),linear,2000,0.01,0.0001,4,0.7835,"Pipeline(steps=[('scaler', StandardScaler()),
                ('dim_red', PCA(n_components=200)),
                ('model', SVC(C=0.01, kernel='linear', max_iter=2000))],
         verbose=True)",81.96955418586730,
PCA(n_components=200),linear,2000,0.01,auto,1,0.7957,"Pipeline(steps=[('scaler', StandardScaler()),
                ('dim_red', PCA(n_components=200)),
                ('model', SVC(C=0.01, kernel='linear', max_iter=2000))],
         verbose=True)",82.7421989440918,
PCA(n_components=200),linear,2000,0.001,10.0,10,0.7423,"Pipeline(steps=[('scaler', StandardScaler()),
                ('dim_red', PCA(n_components=200)),
                ('model', SVC(C=0.001, kernel='linear', max_iter=2000))],
         verbose=True)",105.45707607269300,
PCA(n_components=200),linear,2000,0.01,0.01,5,0.7778,"Pipeline(steps=[('scaler', StandardScaler()),
                ('dim_red', PCA(n_components=200)),
                ('model', SVC(C=0.01, kernel='linear', max_iter=2000))],
         verbose=True)",81.73414826393130,
PCA(n_components=200),linear,2000,1.0,1.0,9,0.5565,"Pipeline(steps=[('scaler', StandardScaler()),
                ('dim_red', PCA(n_components=200)),
                ('model', SVC(kernel='linear', max_iter=2000))],
         verbose=True)",72.88341093063350,
PCA(n_components=200),linear,2000,0.0001,0.001,8,0.6537,"Pipeline(steps=[('scaler', StandardScaler()),
                ('dim_red', PCA(n_components=200)),
                ('model', SVC(C=0.0001, kernel='linear', max_iter=2000))],
         verbose=True)",156.3281328678130,
PCA(n_components=200),linear,2000,0.1,0.001,3,0.6622,"Pipeline(steps=[('scaler', StandardScaler()),
                ('dim_red', PCA(n_components=200)),
                ('model', SVC(C=0.1, kernel='linear', max_iter=2000))],
         verbose=True)",71.64992380142210,
PCA(n_components=200),linear,2000,10.0,scale,2,0.5249,"Pipeline(steps=[('scaler', StandardScaler()),
                ('dim_red', PCA(n_components=200)),
                ('model', SVC(C=10.0, kernel='linear', max_iter=2000))],
         verbose=True)",72.19844698905950,
PCA(n_components=200),linear,2000,0.01,0.1,6,0.7995,"Pipeline(steps=[('scaler', StandardScaler()),
                ('dim_red', PCA(n_components=200)),
                ('model', SVC(C=0.01, kernel='linear', max_iter=2000))],
         verbose=True)",83.35634589195250,
PCA(n_components=200),linear,2000,0.01,0.0001,4,0.8014,"Pipeline(steps=[('scaler', StandardScaler()),
                ('dim_red', PCA(n_components=200)),
                ('model', SVC(C=0.01, kernel='linear', max_iter=2000))],
         verbose=True)",83.67229700088500,
PCA(n_components=200),linear,2000,0.01,auto,1,0.767,"Pipeline(steps=[('scaler', StandardScaler()),
                ('dim_red', PCA(n_components=200)),
                ('model', SVC(C=0.01, kernel='linear', max_iter=2000))],
         verbose=True)",84.9208390712738,
PCA(n_components=200),linear,2000,0.001,10.0,10,0.733,"Pipeline(steps=[('scaler', StandardScaler()),
                ('dim_red', PCA(n_components=200)),
                ('model', SVC(C=0.001, kernel='linear', max_iter=2000))],
         verbose=True)",112.4004499912260,
PCA(n_components=200),linear,2000,0.01,0.01,5,0.8001,"Pipeline(steps=[('scaler', StandardScaler()),
                ('dim_red', PCA(n_components=200)),
                ('model', SVC(C=0.01, kernel='linear', max_iter=2000))],
         verbose=True)",87.27554988861080,
PCA(n_components=200),linear,2000,1.0,1.0,9,0.5343,"Pipeline(steps=[('scaler', StandardScaler()),
                ('dim_red', PCA(n_components=200)),
                ('model', SVC(kernel='linear', max_iter=2000))],
         verbose=True)",76.61769580841060,
PCA(n_components=200),linear,2000,0.0001,0.001,8,0.654,"Pipeline(steps=[('scaler', StandardScaler()),
                ('dim_red', PCA(n_components=200)),
                ('model', SVC(C=0.0001, kernel='linear', max_iter=2000))],
         verbose=True)",166.54173278808600,
PCA(n_components=200),linear,2000,0.1,0.001,3,0.6688,"Pipeline(steps=[('scaler', StandardScaler()),
                ('dim_red', PCA(n_components=200)),
                ('model', SVC(C=0.1, kernel='linear', max_iter=2000))],
         verbose=True)",75.30834197998050,
PCA(n_components=200),linear,2000,10.0,scale,2,0.4929,"Pipeline(steps=[('scaler', StandardScaler()),
                ('dim_red', PCA(n_components=200)),
                ('model', SVC(C=10.0, kernel='linear', max_iter=2000))],
         verbose=True)",76.77656126022340,
PCA(n_components=200),linear,2000,0.01,0.1,6,0.8071,"Pipeline(steps=[('scaler', StandardScaler()),
                ('dim_red', PCA(n_components=200)),
                ('model', SVC(C=0.01, kernel='linear', max_iter=2000))],
         verbose=True)",87.96701717376710,
PCA(n_components=200),linear,2000,0.01,0.0001,4,0.8081,"Pipeline(steps=[('scaler', StandardScaler()),
                ('dim_red', PCA(n_components=200)),
                ('model', SVC(C=0.01, kernel='linear', max_iter=2000))],
         verbose=True)",87.11422514915470,
PCA(n_components=200),linear,2000,0.01,auto,1,0.7868,"Pipeline(steps=[('scaler', StandardScaler()),
                ('dim_red', PCA(n_components=200)),
                ('model', SVC(C=0.01, kernel='linear', max_iter=2000))],
         verbose=True)",87.31117105484010,
PCA(n_components=200),linear,2000,0.001,10.0,10,0.7212,"Pipeline(steps=[('scaler', StandardScaler()),
                ('dim_red', PCA(n_components=200)),
                ('model', SVC(C=0.001, kernel='linear', max_iter=2000))],
         verbose=True)",115.7015950679780,
PCA(n_components=200),linear,2000,0.01,0.01,5,0.7832,"Pipeline(steps=[('scaler', StandardScaler()),
                ('dim_red', PCA(n_components=200)),
                ('model', SVC(C=0.01, kernel='linear', max_iter=2000))],
         verbose=True)",83.77024793624880,
PCA(n_components=200),linear,2000,1.0,1.0,9,0.5734,"Pipeline(steps=[('scaler', StandardScaler()),
                ('dim_red', PCA(n_components=200)),
                ('model', SVC(kernel='linear', max_iter=2000))],
         verbose=True)",73.17891001701360,
PCA(n_components=200),linear,2000,0.0001,0.001,8,0.6504,"Pipeline(steps=[('scaler', StandardScaler()),
                ('dim_red', PCA(n_components=200)),
                ('model', SVC(C=0.0001, kernel='linear', max_iter=2000))],
         verbose=True)",158.19412684440600,
PCA(n_components=200),linear,2000,0.1,0.001,3,0.6929,"Pipeline(steps=[('scaler', StandardScaler()),
                ('dim_red', PCA(n_components=200)),
                ('model', SVC(C=0.1, kernel='linear', max_iter=2000))],
         verbose=True)",74.90978217124940,
PCA(n_components=200),linear,5000,10.0,scale,2,0.5684,"Pipeline(steps=[('scaler', StandardScaler()),
                ('dim_red', PCA(n_components=200)),
                ('model', SVC(C=10.0, kernel='linear', max_iter=5000))],
         verbose=True)",107.4055700302120,
PCA(n_components=200),linear,5000,0.01,0.1,6,0.8492,"Pipeline(steps=[('scaler', StandardScaler()),
                ('dim_red', PCA(n_components=200)),
                ('model', SVC(C=0.01, kernel='linear', max_iter=5000))],
         verbose=True)",101.1769950389860,
PCA(n_components=200),linear,5000,0.01,0.0001,4,0.8517,"Pipeline(steps=[('scaler', StandardScaler()),
                ('dim_red', PCA(n_components=200)),
                ('model', SVC(C=0.01, kernel='linear', max_iter=5000))],
         verbose=True)",101.65480017662000,
PCA(n_components=200),linear,5000,0.01,auto,1,0.8509,"Pipeline(steps=[('scaler', StandardScaler()),
                ('dim_red', PCA(n_components=200)),
                ('model', SVC(C=0.01, kernel='linear', max_iter=5000))],
         verbose=True)",102.01254320144700,
PCA(n_components=200),linear,5000,0.001,10.0,10,0.8496,"Pipeline(steps=[('scaler', StandardScaler()),
                ('dim_red', PCA(n_components=200)),
                ('model', SVC(C=0.001, kernel='linear', max_iter=5000))],
         verbose=True)",122.23879599571200,
PCA(n_components=200),linear,5000,0.01,0.01,5,0.8509,"Pipeline(steps=[('scaler', StandardScaler()),
                ('dim_red', PCA(n_components=200)),
                ('model', SVC(C=0.01, kernel='linear', max_iter=5000))],
         verbose=True)",99.55231475830080,
PCA(n_components=200),linear,5000,1.0,1.0,9,0.6322,"Pipeline(steps=[('scaler', StandardScaler()),
                ('dim_red', PCA(n_components=200)),
                ('model', SVC(kernel='linear', max_iter=5000))],
         verbose=True)",107.30814480781600,
PCA(n_components=200),linear,5000,0.0001,0.001,8,0.8287,"Pipeline(steps=[('scaler', StandardScaler()),
                ('dim_red', PCA(n_components=200)),
                ('model', SVC(C=0.0001, kernel='linear', max_iter=5000))],
         verbose=True)",185.5766110420230,
PCA(n_components=200),linear,5000,0.1,0.001,3,0.734,"Pipeline(steps=[('scaler', StandardScaler()),
                ('dim_red', PCA(n_components=200)),
                ('model', SVC(C=0.1, kernel='linear', max_iter=5000))],
         verbose=True)",98.20273208618160,
PCA(n_components=200),linear,5000,10.0,scale,2,0.526,"Pipeline(steps=[('scaler', StandardScaler()),
                ('dim_red', PCA(n_components=200)),
                ('model', SVC(C=10.0, kernel='linear', max_iter=5000))],
         verbose=True)",107.50092697143600,
PCA(n_components=200),linear,5000,0.01,0.1,6,0.8464,"Pipeline(steps=[('scaler', StandardScaler()),
                ('dim_red', PCA(n_components=200)),
                ('model', SVC(C=0.01, kernel='linear', max_iter=5000))],
         verbose=True)",100.58795976638800,
PCA(n_components=200),linear,5000,0.01,0.0001,4,0.8473,"Pipeline(steps=[('scaler', StandardScaler()),
                ('dim_red', PCA(n_components=200)),
                ('model', SVC(C=0.01, kernel='linear', max_iter=5000))],
         verbose=True)",100.35621905326800,
PCA(n_components=200),linear,5000,0.01,auto,1,0.8535,"Pipeline(steps=[('scaler', StandardScaler()),
                ('dim_red', PCA(n_components=200)),
                ('model', SVC(C=0.01, kernel='linear', max_iter=5000))],
         verbose=True)",99.94345784187320,
PCA(n_components=200),linear,5000,0.001,10.0,10,0.8501,"Pipeline(steps=[('scaler', StandardScaler()),
                ('dim_red', PCA(n_components=200)),
                ('model', SVC(C=0.001, kernel='linear', max_iter=5000))],
         verbose=True)",120.71815800666800,
PCA(n_components=200),linear,5000,0.01,0.01,5,0.8539,"Pipeline(steps=[('scaler', StandardScaler()),
                ('dim_red', PCA(n_components=200)),
                ('model', SVC(C=0.01, kernel='linear', max_iter=5000))],
         verbose=True)",99.73794913291930,
PCA(n_components=200),linear,5000,1.0,1.0,9,0.4935,"Pipeline(steps=[('scaler', StandardScaler()),
                ('dim_red', PCA(n_components=200)),
                ('model', SVC(kernel='linear', max_iter=5000))],
         verbose=True)",106.2149658203130,
PCA(n_components=200),linear,5000,0.0001,0.001,8,0.8277,"Pipeline(steps=[('scaler', StandardScaler()),
                ('dim_red', PCA(n_components=200)),
                ('model', SVC(C=0.0001, kernel='linear', max_iter=5000))],
         verbose=True)",184.43855571746800,
PCA(n_components=200),linear,5000,0.1,0.001,3,0.7433,"Pipeline(steps=[('scaler', StandardScaler()),
                ('dim_red', PCA(n_components=200)),
                ('model', SVC(C=0.1, kernel='linear', max_iter=5000))],
         verbose=True)",98.33420705795290,
PCA(n_components=200),linear,10000,10.0,scale,2,0.5472,"Pipeline(steps=[('scaler', StandardScaler()),
                ('dim_red', PCA(n_components=200)),
                ('model', SVC(C=10.0, kernel='linear', max_iter=10000))],
         verbose=True)",137.98358821868900,
PCA(n_components=200),linear,10000,0.01,0.1,6,0.8532,"Pipeline(steps=[('scaler', StandardScaler()),
                ('dim_red', PCA(n_components=200)),
                ('model', SVC(C=0.01, kernel='linear', max_iter=10000))],
         verbose=True)",104.72781705856300,
PCA(n_components=200),linear,10000,0.01,0.0001,4,0.8538,"Pipeline(steps=[('scaler', StandardScaler()),
                ('dim_red', PCA(n_components=200)),
                ('model', SVC(C=0.01, kernel='linear', max_iter=10000))],
         verbose=True)",102.7867579460140,
PCA(n_components=200),linear,10000,0.01,auto,1,0.8539,"Pipeline(steps=[('scaler', StandardScaler()),
                ('dim_red', PCA(n_components=200)),
                ('model', SVC(C=0.01, kernel='linear', max_iter=10000))],
         verbose=True)",108.0038731098180,
PCA(n_components=200),linear,10000,0.001,10.0,10,0.8494,"Pipeline(steps=[('scaler', StandardScaler()),
                ('dim_red', PCA(n_components=200)),
                ('model', SVC(C=0.001, kernel='linear', max_iter=10000))],
         verbose=True)",124.1361300945280,
PCA(n_components=200),linear,10000,0.01,0.01,5,0.8541,"Pipeline(steps=[('scaler', StandardScaler()),
                ('dim_red', PCA(n_components=200)),
                ('model', SVC(C=0.01, kernel='linear', max_iter=10000))],
         verbose=True)",105.81358408927900,
PCA(n_components=200),linear,10000,1.0,1.0,9,0.6325,"Pipeline(steps=[('scaler', StandardScaler()),
                ('dim_red', PCA(n_components=200)),
                ('model', SVC(kernel='linear', max_iter=10000))],
         verbose=True)",135.27164793014500,
PCA(n_components=200),linear,10000,0.0001,0.001,8,0.8281,"Pipeline(steps=[('scaler', StandardScaler()),
                ('dim_red', PCA(n_components=200)),
                ('model', SVC(C=0.0001, kernel='linear', max_iter=10000))],
         verbose=True)",194.4720160961150,
PCA(n_components=200),linear,10000,0.1,0.001,3,0.7825,"Pipeline(steps=[('scaler', StandardScaler()),
                ('dim_red', PCA(n_components=200)),
                ('model', SVC(C=0.1, kernel='linear', max_iter=10000))],
         verbose=True)",119.81873106956500,
PCA(n_components=200),linear,200000,10.0,scale,2,0.7172,"Pipeline(steps=[('scaler', StandardScaler()),
                ('dim_red', PCA(n_components=200)),
                ('model', SVC(C=10.0, kernel='linear', max_iter=200000))],
         verbose=True)",613.1790850162510,
PCA(n_components=200),linear,200000,0.01,0.1,6,0.8534,"Pipeline(steps=[('scaler', StandardScaler()),
                ('dim_red', PCA(n_components=200)),
                ('model', SVC(C=0.01, kernel='linear', max_iter=200000))],
         verbose=True)",124.20974707603500,
PCA(n_components=200),linear,200000,0.01,0.0001,4,0.853,"Pipeline(steps=[('scaler', StandardScaler()),
                ('dim_red', PCA(n_components=200)),
                ('model', SVC(C=0.01, kernel='linear', max_iter=200000))],
         verbose=True)",119.4289698600770,
PCA(n_components=200),linear,200000,0.01,auto,1,0.8527,"Pipeline(steps=[('scaler', StandardScaler()),
                ('dim_red', PCA(n_components=200)),
                ('model', SVC(C=0.01, kernel='linear', max_iter=200000))],
         verbose=True)",120.6870949268340,
PCA(n_components=200),linear,200000,0.001,10.0,10,0.8492,"Pipeline(steps=[('scaler', StandardScaler()),
                ('dim_red', PCA(n_components=200)),
                ('model', SVC(C=0.001, kernel='linear', max_iter=200000))],
         verbose=True)",135.8655230998990,
PCA(n_components=200),linear,200000,0.01,0.01,5,0.8538,"Pipeline(steps=[('scaler', StandardScaler()),
                ('dim_red', PCA(n_components=200)),
                ('model', SVC(C=0.01, kernel='linear', max_iter=200000))],
         verbose=True)",118.1234040260320,
PCA(n_components=200),linear,200000,1.0,1.0,9,0.8481,"Pipeline(steps=[('scaler', StandardScaler()),
                ('dim_red', PCA(n_components=200)),
                ('model', SVC(kernel='linear', max_iter=200000))],
         verbose=True)",334.6955771446230,
PCA(n_components=200),linear,200000,0.0001,0.001,8,0.8275,"Pipeline(steps=[('scaler', StandardScaler()),
                ('dim_red', PCA(n_components=200)),
                ('model', SVC(C=0.0001, kernel='linear', max_iter=200000))],
         verbose=True)",214.861102104187,
PCA(n_components=200),linear,200000,0.1,0.001,3,0.851,"Pipeline(steps=[('scaler', StandardScaler()),
                ('dim_red', PCA(n_components=200)),
                ('model', SVC(C=0.1, kernel='linear', max_iter=200000))],
         verbose=True)",163.20653581619300,
LinearDiscriminantAnalysis(),linear,2000,0.0001,0.001,3,0.6905,"Pipeline(steps=[('scaler', StandardScaler()),
                ('dim_red', LinearDiscriminantAnalysis()),
                ('model', SVC(C=0.0001, kernel='linear', max_iter=2000))],
         verbose=True)",30.72503900527950,
LinearDiscriminantAnalysis(),linear,2000,10.0,0.01,8,0.4753,"Pipeline(steps=[('scaler', StandardScaler()),
                ('dim_red', LinearDiscriminantAnalysis()),
                ('model', SVC(C=10.0, kernel='linear', max_iter=2000))],
         verbose=True)",18.878331899642900,
LinearDiscriminantAnalysis(),linear,2000,0.01,0.001,9,0.7891,"Pipeline(steps=[('scaler', StandardScaler()),
                ('dim_red', LinearDiscriminantAnalysis()),
                ('model', SVC(C=0.01, kernel='linear', max_iter=2000))],
         verbose=True)",21.599943161010700,
LinearDiscriminantAnalysis(),linear,2000,0.01,0.0001,6,0.7891,"Pipeline(steps=[('scaler', StandardScaler()),
                ('dim_red', LinearDiscriminantAnalysis()),
                ('model', SVC(C=0.01, kernel='linear', max_iter=2000))],
         verbose=True)",22.79315686225890,
LinearDiscriminantAnalysis(),linear,2000,0.01,auto,1,0.7891,"Pipeline(steps=[('scaler', StandardScaler()),
                ('dim_red', LinearDiscriminantAnalysis()),
                ('model', SVC(C=0.01, kernel='linear', max_iter=2000))],
         verbose=True)",22.41547203063970,
LinearDiscriminantAnalysis(),linear,2000,1.0,scale,2,0.7556,"Pipeline(steps=[('scaler', StandardScaler()),
                ('dim_red', LinearDiscriminantAnalysis()),
                ('model', SVC(kernel='linear', max_iter=2000))],
         verbose=True)",20.095881938934300,
LinearDiscriminantAnalysis(),linear,2000,0.001,0.1,10,0.741,"Pipeline(steps=[('scaler', StandardScaler()),
                ('dim_red', LinearDiscriminantAnalysis()),
                ('model', SVC(C=0.001, kernel='linear', max_iter=2000))],
         verbose=True)",20.375607013702400,
LinearDiscriminantAnalysis(),linear,2000,0.1,10.0,4,0.799,"Pipeline(steps=[('scaler', StandardScaler()),
                ('dim_red', LinearDiscriminantAnalysis()),
                ('model', SVC(C=0.1, kernel='linear', max_iter=2000))],
         verbose=True)",18.908371210098300,
LinearDiscriminantAnalysis(),linear,2000,0.01,1.0,5,0.7891,"Pipeline(steps=[('scaler', StandardScaler()),
                ('dim_red', LinearDiscriminantAnalysis()),
                ('model', SVC(C=0.01, kernel='linear', max_iter=2000))],
         verbose=True)",18.55691885948180,
LinearDiscriminantAnalysis(),linear,2000,0.0001,0.001,3,0.6905,"Pipeline(steps=[('scaler', StandardScaler()),
                ('dim_red', LinearDiscriminantAnalysis()),
                ('model', SVC(C=0.0001, kernel='linear', max_iter=2000))],
         verbose=True)",28.82819104194640,
LinearDiscriminantAnalysis(),linear,2000,10.0,0.01,8,0.4753,"Pipeline(steps=[('scaler', StandardScaler()),
                ('dim_red', LinearDiscriminantAnalysis()),
                ('model', SVC(C=10.0, kernel='linear', max_iter=2000))],
         verbose=True)",17.64136290550230,
LinearDiscriminantAnalysis(),linear,2000,0.01,0.001,9,0.7891,"Pipeline(steps=[('scaler', StandardScaler()),
                ('dim_red', LinearDiscriminantAnalysis()),
                ('model', SVC(C=0.01, kernel='linear', max_iter=2000))],
         verbose=True)",18.422834873199500,
LinearDiscriminantAnalysis(),linear,2000,0.01,0.0001,6,0.7891,"Pipeline(steps=[('scaler', StandardScaler()),
                ('dim_red', LinearDiscriminantAnalysis()),
                ('model', SVC(C=0.01, kernel='linear', max_iter=2000))],
         verbose=True)",18.976547956466700,
LinearDiscriminantAnalysis(),linear,2000,0.01,auto,1,0.7891,"Pipeline(steps=[('scaler', StandardScaler()),
                ('dim_red', LinearDiscriminantAnalysis()),
                ('model', SVC(C=0.01, kernel='linear', max_iter=2000))],
         verbose=True)",18.5497829914093,
LinearDiscriminantAnalysis(),linear,2000,1.0,scale,2,0.7556,"Pipeline(steps=[('scaler', StandardScaler()),
                ('dim_red', LinearDiscriminantAnalysis()),
                ('model', SVC(kernel='linear', max_iter=2000))],
         verbose=True)",18.764274835586500,
LinearDiscriminantAnalysis(),linear,2000,0.001,0.1,10,0.741,"Pipeline(steps=[('scaler', StandardScaler()),
                ('dim_red', LinearDiscriminantAnalysis()),
                ('model', SVC(C=0.001, kernel='linear', max_iter=2000))],
         verbose=True)",20.599635362625100,
LinearDiscriminantAnalysis(),linear,2000,0.1,10.0,4,0.799,"Pipeline(steps=[('scaler', StandardScaler()),
                ('dim_red', LinearDiscriminantAnalysis()),
                ('model', SVC(C=0.1, kernel='linear', max_iter=2000))],
         verbose=True)",19.486663818359400,
LinearDiscriminantAnalysis(),linear,2000,0.01,1.0,5,0.7891,"Pipeline(steps=[('scaler', StandardScaler()),
                ('dim_red', LinearDiscriminantAnalysis()),
                ('model', SVC(C=0.01, kernel='linear', max_iter=2000))],
         verbose=True)",19.46609592437740,
LinearDiscriminantAnalysis(),linear,2000,0.0001,0.001,3,0.6905,"Pipeline(steps=[('scaler', StandardScaler()),
                ('dim_red', LinearDiscriminantAnalysis()),
                ('model', SVC(C=0.0001, kernel='linear', max_iter=2000))],
         verbose=True)",28.880083084106400,
LinearDiscriminantAnalysis(),linear,2000,10.0,0.01,8,0.4753,"Pipeline(steps=[('scaler', StandardScaler()),
                ('dim_red', LinearDiscriminantAnalysis()),
                ('model', SVC(C=10.0, kernel='linear', max_iter=2000))],
         verbose=True)",17.768882989883400,
LinearDiscriminantAnalysis(),linear,2000,0.01,0.001,9,0.7891,"Pipeline(steps=[('scaler', StandardScaler()),
                ('dim_red', LinearDiscriminantAnalysis()),
                ('model', SVC(C=0.01, kernel='linear', max_iter=2000))],
         verbose=True)",18.872519969940200,
LinearDiscriminantAnalysis(),linear,2000,0.01,0.0001,6,0.7891,"Pipeline(steps=[('scaler', StandardScaler()),
                ('dim_red', LinearDiscriminantAnalysis()),
                ('model', SVC(C=0.01, kernel='linear', max_iter=2000))],
         verbose=True)",18.273484230041500,
LinearDiscriminantAnalysis(),linear,2000,0.01,auto,1,0.7891,"Pipeline(steps=[('scaler', StandardScaler()),
                ('dim_red', LinearDiscriminantAnalysis()),
                ('model', SVC(C=0.01, kernel='linear', max_iter=2000))],
         verbose=True)",18.865674018859900,
LinearDiscriminantAnalysis(),linear,2000,1.0,scale,2,0.7556,"Pipeline(steps=[('scaler', StandardScaler()),
                ('dim_red', LinearDiscriminantAnalysis()),
                ('model', SVC(kernel='linear', max_iter=2000))],
         verbose=True)",18.247868061065700,
LinearDiscriminantAnalysis(),linear,2000,0.001,0.1,10,0.741,"Pipeline(steps=[('scaler', StandardScaler()),
                ('dim_red', LinearDiscriminantAnalysis()),
                ('model', SVC(C=0.001, kernel='linear', max_iter=2000))],
         verbose=True)",21.581074953079200,
LinearDiscriminantAnalysis(),linear,2000,0.1,10.0,4,0.799,"Pipeline(steps=[('scaler', StandardScaler()),
                ('dim_red', LinearDiscriminantAnalysis()),
                ('model', SVC(C=0.1, kernel='linear', max_iter=2000))],
         verbose=True)",18.528472900390600,
LinearDiscriminantAnalysis(),linear,2000,0.01,1.0,5,0.7891,"Pipeline(steps=[('scaler', StandardScaler()),
                ('dim_red', LinearDiscriminantAnalysis()),
                ('model', SVC(C=0.01, kernel='linear', max_iter=2000))],
         verbose=True)",20.40124011039730,
LinearDiscriminantAnalysis(),linear,5000,0.0001,0.001,3,0.8178,"Pipeline(steps=[('scaler', StandardScaler()),
                ('dim_red', LinearDiscriminantAnalysis()),
                ('model', SVC(C=0.0001, kernel='linear', max_iter=5000))],
         verbose=True)",31.521444082260100,
LinearDiscriminantAnalysis(),linear,5000,10.0,0.01,8,0.6618,"Pipeline(steps=[('scaler', StandardScaler()),
                ('dim_red', LinearDiscriminantAnalysis()),
                ('model', SVC(C=10.0, kernel='linear', max_iter=5000))],
         verbose=True)",22.482388019561800,
LinearDiscriminantAnalysis(),linear,5000,0.01,0.001,9,0.8255,"Pipeline(steps=[('scaler', StandardScaler()),
                ('dim_red', LinearDiscriminantAnalysis()),
                ('model', SVC(C=0.01, kernel='linear', max_iter=5000))],
         verbose=True)",19.52663016319280,
LinearDiscriminantAnalysis(),linear,5000,0.01,0.0001,6,0.8255,"Pipeline(steps=[('scaler', StandardScaler()),
                ('dim_red', LinearDiscriminantAnalysis()),
                ('model', SVC(C=0.01, kernel='linear', max_iter=5000))],
         verbose=True)",20.66453790664670,
LinearDiscriminantAnalysis(),linear,5000,0.01,auto,1,0.8255,"Pipeline(steps=[('scaler', StandardScaler()),
                ('dim_red', LinearDiscriminantAnalysis()),
                ('model', SVC(C=0.01, kernel='linear', max_iter=5000))],
         verbose=True)",20.328020095825200,
LinearDiscriminantAnalysis(),linear,5000,1.0,scale,2,0.81,"Pipeline(steps=[('scaler', StandardScaler()),
                ('dim_red', LinearDiscriminantAnalysis()),
                ('model', SVC(kernel='linear', max_iter=5000))],
         verbose=True)",23.96819281578060,
LinearDiscriminantAnalysis(),linear,5000,0.001,0.1,10,0.8227,"Pipeline(steps=[('scaler', StandardScaler()),
                ('dim_red', LinearDiscriminantAnalysis()),
                ('model', SVC(C=0.001, kernel='linear', max_iter=5000))],
         verbose=True)",22.590889930725100,
LinearDiscriminantAnalysis(),linear,5000,0.1,10.0,4,0.8252,"Pipeline(steps=[('scaler', StandardScaler()),
                ('dim_red', LinearDiscriminantAnalysis()),
                ('model', SVC(C=0.1, kernel='linear', max_iter=5000))],
         verbose=True)",21.40361499786380,
LinearDiscriminantAnalysis(),linear,5000,0.01,1.0,5,0.8255,"Pipeline(steps=[('scaler', StandardScaler()),
                ('dim_red', LinearDiscriminantAnalysis()),
                ('model', SVC(C=0.01, kernel='linear', max_iter=5000))],
         verbose=True)",19.50555181503300,
LinearDiscriminantAnalysis(),linear,5000,0.0001,0.001,3,0.8178,"Pipeline(steps=[('scaler', StandardScaler()),
                ('dim_red', LinearDiscriminantAnalysis()),
                ('model', SVC(C=0.0001, kernel='linear', max_iter=5000))],
         verbose=True)",32.52515888214110,
LinearDiscriminantAnalysis(),linear,5000,10.0,0.01,8,0.6618,"Pipeline(steps=[('scaler', StandardScaler()),
                ('dim_red', LinearDiscriminantAnalysis()),
                ('model', SVC(C=10.0, kernel='linear', max_iter=5000))],
         verbose=True)",21.67282009124760,
LinearDiscriminantAnalysis(),linear,5000,0.01,0.001,9,0.8255,"Pipeline(steps=[('scaler', StandardScaler()),
                ('dim_red', LinearDiscriminantAnalysis()),
                ('model', SVC(C=0.01, kernel='linear', max_iter=5000))],
         verbose=True)",19.82434582710270,
LinearDiscriminantAnalysis(),linear,5000,0.01,0.0001,6,0.8255,"Pipeline(steps=[('scaler', StandardScaler()),
                ('dim_red', LinearDiscriminantAnalysis()),
                ('model', SVC(C=0.01, kernel='linear', max_iter=5000))],
         verbose=True)",19.825972080230700,
LinearDiscriminantAnalysis(),linear,5000,0.01,auto,1,0.8255,"Pipeline(steps=[('scaler', StandardScaler()),
                ('dim_red', LinearDiscriminantAnalysis()),
                ('model', SVC(C=0.01, kernel='linear', max_iter=5000))],
         verbose=True)",20.76664400100710,
LinearDiscriminantAnalysis(),linear,5000,1.0,scale,2,0.81,"Pipeline(steps=[('scaler', StandardScaler()),
                ('dim_red', LinearDiscriminantAnalysis()),
                ('model', SVC(kernel='linear', max_iter=5000))],
         verbose=True)",22.607775926590000,
LinearDiscriminantAnalysis(),linear,5000,0.001,0.1,10,0.8227,"Pipeline(steps=[('scaler', StandardScaler()),
                ('dim_red', LinearDiscriminantAnalysis()),
                ('model', SVC(C=0.001, kernel='linear', max_iter=5000))],
         verbose=True)",21.352163791656500,
LinearDiscriminantAnalysis(),linear,5000,0.1,10.0,4,0.8252,"Pipeline(steps=[('scaler', StandardScaler()),
                ('dim_red', LinearDiscriminantAnalysis()),
                ('model', SVC(C=0.1, kernel='linear', max_iter=5000))],
         verbose=True)",20.453449964523300,
LinearDiscriminantAnalysis(),linear,5000,0.01,1.0,5,0.8255,"Pipeline(steps=[('scaler', StandardScaler()),
                ('dim_red', LinearDiscriminantAnalysis()),
                ('model', SVC(C=0.01, kernel='linear', max_iter=5000))],
         verbose=True)",18.97003698349000,
LinearDiscriminantAnalysis(),linear,10000,0.0001,0.001,3,0.8178,"Pipeline(steps=[('scaler', StandardScaler()),
                ('dim_red', LinearDiscriminantAnalysis()),
                ('model', SVC(C=0.0001, kernel='linear', max_iter=10000))],
         verbose=True)",32.96895694732670,
LinearDiscriminantAnalysis(),linear,10000,10.0,0.01,8,0.7116,"Pipeline(steps=[('scaler', StandardScaler()),
                ('dim_red', LinearDiscriminantAnalysis()),
                ('model', SVC(C=10.0, kernel='linear', max_iter=10000))],
         verbose=True)",29.07854700088500,
LinearDiscriminantAnalysis(),linear,10000,0.01,0.001,9,0.8255,"Pipeline(steps=[('scaler', StandardScaler()),
                ('dim_red', LinearDiscriminantAnalysis()),
                ('model', SVC(C=0.01, kernel='linear', max_iter=10000))],
         verbose=True)",19.542186975479100,
LinearDiscriminantAnalysis(),linear,10000,0.01,0.0001,6,0.8255,"Pipeline(steps=[('scaler', StandardScaler()),
                ('dim_red', LinearDiscriminantAnalysis()),
                ('model', SVC(C=0.01, kernel='linear', max_iter=10000))],
         verbose=True)",20.503679037094100,
LinearDiscriminantAnalysis(),linear,10000,0.01,auto,1,0.8255,"Pipeline(steps=[('scaler', StandardScaler()),
                ('dim_red', LinearDiscriminantAnalysis()),
                ('model', SVC(C=0.01, kernel='linear', max_iter=10000))],
         verbose=True)",20.224300861358600,
LinearDiscriminantAnalysis(),linear,10000,1.0,scale,2,0.8232,"Pipeline(steps=[('scaler', StandardScaler()),
                ('dim_red', LinearDiscriminantAnalysis()),
                ('model', SVC(kernel='linear', max_iter=10000))],
         verbose=True)",25.057883262634300,
LinearDiscriminantAnalysis(),linear,10000,0.001,0.1,10,0.8227,"Pipeline(steps=[('scaler', StandardScaler()),
                ('dim_red', LinearDiscriminantAnalysis()),
                ('model', SVC(C=0.001, kernel='linear', max_iter=10000))],
         verbose=True)",21.989925861358600,
LinearDiscriminantAnalysis(),linear,10000,0.1,10.0,4,0.8252,"Pipeline(steps=[('scaler', StandardScaler()),
                ('dim_red', LinearDiscriminantAnalysis()),
                ('model', SVC(C=0.1, kernel='linear', max_iter=10000))],
         verbose=True)",21.513622999191300,
LinearDiscriminantAnalysis(),linear,10000,0.01,1.0,5,0.8255,"Pipeline(steps=[('scaler', StandardScaler()),
                ('dim_red', LinearDiscriminantAnalysis()),
                ('model', SVC(C=0.01, kernel='linear', max_iter=10000))],
         verbose=True)",19.91171884536740,
LinearDiscriminantAnalysis(),linear,200000,0.0001,0.001,3,0.8178,"Pipeline(steps=[('scaler', StandardScaler()),
                ('dim_red', LinearDiscriminantAnalysis()),
                ('model', SVC(C=0.0001, kernel='linear', max_iter=200000))],
         verbose=True)",32.37538480758670,
LinearDiscriminantAnalysis(),linear,200000,10.0,0.01,8,0.8263,"Pipeline(steps=[('scaler', StandardScaler()),
                ('dim_red', LinearDiscriminantAnalysis()),
                ('model', SVC(C=10.0, kernel='linear', max_iter=200000))],
         verbose=True)",53.544695138931300,
LinearDiscriminantAnalysis(),linear,200000,0.01,0.001,9,0.8255,"Pipeline(steps=[('scaler', StandardScaler()),
                ('dim_red', LinearDiscriminantAnalysis()),
                ('model', SVC(C=0.01, kernel='linear', max_iter=200000))],
         verbose=True)",20.154896020889300,
LinearDiscriminantAnalysis(),linear,200000,0.01,0.0001,6,0.8255,"Pipeline(steps=[('scaler', StandardScaler()),
                ('dim_red', LinearDiscriminantAnalysis()),
                ('model', SVC(C=0.01, kernel='linear', max_iter=200000))],
         verbose=True)",19.89112901687620,
LinearDiscriminantAnalysis(),linear,200000,0.01,auto,1,0.8255,"Pipeline(steps=[('scaler', StandardScaler()),
                ('dim_red', LinearDiscriminantAnalysis()),
                ('model', SVC(C=0.01, kernel='linear', max_iter=200000))],
         verbose=True)",19.40584087371830,
LinearDiscriminantAnalysis(),linear,200000,1.0,scale,2,0.8253,"Pipeline(steps=[('scaler', StandardScaler()),
                ('dim_red', LinearDiscriminantAnalysis()),
                ('model', SVC(kernel='linear', max_iter=200000))],
         verbose=True)",28.250373125076300,
LinearDiscriminantAnalysis(),linear,200000,0.001,0.1,10,0.8227,"Pipeline(steps=[('scaler', StandardScaler()),
                ('dim_red', LinearDiscriminantAnalysis()),
                ('model', SVC(C=0.001, kernel='linear', max_iter=200000))],
         verbose=True)",22.123610019683800,
LinearDiscriminantAnalysis(),linear,200000,0.1,10.0,4,0.8252,"Pipeline(steps=[('scaler', StandardScaler()),
                ('dim_red', LinearDiscriminantAnalysis()),
                ('model', SVC(C=0.1, kernel='linear', max_iter=200000))],
         verbose=True)",21.428797006607100,
LinearDiscriminantAnalysis(),linear,200000,0.01,1.0,5,0.8255,"Pipeline(steps=[('scaler', StandardScaler()),
                ('dim_red', LinearDiscriminantAnalysis()),
                ('model', SVC(C=0.01, kernel='linear', max_iter=200000))],
         verbose=True)",19.62851095199590,